id;image;image_content_type;set_up_date
1;696e666f6d6564696172696573;image/png;2019-05-28T17:26:02
2;696e63656e746976697a652054756e6120636f7079;image/png;2019-05-28T10:09:33
3;466163696c697461746f72;image/png;2019-05-28T01:45:36
4;636170616369746f722061726368697665;image/png;2019-05-28T06:40:20
5;736f667477617265207363616c6520696e746572616374697665;image/png;2019-05-28T00:28:24
6;62696675726361746564207363616c61626c65;image/png;2019-05-28T16:23:47
7;696e646578206f72616e6765;image/png;2019-05-28T20:13:49
8;6d6f6e69746f7220313038307020436865636b696e67204163636f756e74;image/png;2019-05-27T22:07:55
9;496e766573746d656e74204163636f756e7420617263686976652046616e74617374696320506c617374696320436869636b656e;image/png;2019-05-28T12:33:31
10;4d6973736973736970706920656d627261636520446576656c6f706572;image/png;2019-05-27T23:59:21
