id;hire_date;biography;number_of_teeth
1;2019-05-28T11:22:26;44697265637469766573206170706c69636174696f6e20486f6d65204c6f616e204163636f756e74;15601
2;2019-05-28T09:39:47;536d616c6c;45924
3;2019-05-27T23:34:29;536176696e6773204163636f756e7420616c61726d;2058
4;2019-05-28T19:00:32;7472616e736d697474657220496d706c656d656e746174696f6e20456c656374726f6e696373;99221
5;2019-05-28T15:57:40;6d6574686f646f6c6f677920416c62616e6961;43194
6;2019-05-28T19:48:34;4e616d69626961;39986
7;2019-05-28T17:00:54;7a65726f2061646d696e697374726174696f6e;36636
8;2019-05-28T14:46:35;4c6963656e73656420536176696e6773204163636f756e74;38246
9;2019-05-28T08:01:17;4d6973736973736970706920526566696e65642052756262657220436869636b656e205461626c65;6505
10;2019-05-28T20:02:40;55736162696c69747920536f7574682044616b6f746120656e766973696f6e656572;1596
